,PageRank_Mode_1,PageRank_Mode_2
1,0.9854931561421445,0.0009854948946560569
2,1.0135864263561976,0.0010135882224503207
3,1.0164383503850822,0.0010164401520340277
4,1.0129406293310592,0.001012942423318875
5,0.9672357084417172,0.0009672374083154985
6,1.0360438762504667,0.0010360457193363962
7,0.9375885912328278,0.0009375902283615296
8,0.9789361634266222,0.0009789378881750028
9,1.0198499596970727,0.0010198517695994634
10,1.0624248611249612,0.001062426759478776
11,1.032416920683699,0.0010324187556526154
12,1.0314589752624608,0.0010314608083592447
13,1.0072079747642961,0.0010072097578835875
14,1.0155371147587031,0.0010155389143465894
15,1.0027883356639438,0.001002790110533939
16,1.0063989690562032,0.001006400750652507
17,1.061404874606687,0.0010614067706488206
18,1.0142339968542786,0.0010142357940889919
19,0.9717654741915445,0.0009717671837831674
20,1.0019414746130602,0.0010019432467030876
21,1.0034975312686345,0.001003499306770165
22,0.9750373010794774,0.0009750390166215781
23,1.0445191657096211,0.0010445210268004573
24,1.0427729946689563,0.0010427748516779398
25,1.0521103245933259,0.0010521122009706132
26,0.9823036840463546,0.0009823054160253775
27,1.01519532622128,0.001015197126007994
28,0.9207073569686028,0.0009207089593676961
29,0.9883321493163042,0.0009883338925272308
30,1.0277835257997332,0.001027785351206109
31,0.9882057546081933,0.000988207497760513
32,1.0895577849535911,0.0010895597401177533
33,0.9653113364565292,0.0009653130327068177
34,0.9712409447641713,0.0009712426531171528
35,0.9348632164429708,0.0009348648491620758
36,1.0011405419279713,0.0010011423123810778
37,0.9819328665673592,0.0009819345967556174
38,1.0592408123268324,0.0010592427031764005
39,1.0061924852952202,0.001006194266517121
40,0.9552539801618678,0.000955255655636363
41,1.0291186571191697,0.0010291204861503683
42,1.0848749539204725,0.001084876898222913
43,0.9787793975878525,0.0009787811224683108
44,0.985117432868864,0.0009851191708215752
45,0.9995554060761754,0.0009995571736425937
46,0.9792308167193452,0.000979232542333183
47,1.0070732979744053,0.0010070750802451819
48,1.0037970077779588,0.001003798783627951
49,1.0031619518058774,0.001003163727192994
50,1.0328135379457986,0.0010328153749226494
51,1.0276859402055067,0.0010276877661001102
52,0.9671777288526396,0.0009671794298092896
53,1.0842680255464188,0.0010842699679650767
54,1.0166652559938267,0.001016667058553445
55,0.9459643533388272,0.000945966009429435
56,0.9871947654014547,0.000987196506554972
57,0.9995200897906924,0.0009995218566136348
58,1.0410552437556304,0.0010410570967850582
59,0.9951798640650247,0.0009951816220268026
60,1.032571008387679,0.0010325728435766042
61,0.9674601815157017,0.0009674618824022064
62,1.003869527777212,0.0010038713047102637
63,1.03839190665155,0.0010383937545105316
64,1.012417892417786,0.001012419686081054
65,0.9739281080809158,0.0009739298225185063
66,1.0733093037640942,0.0010733112246649678
67,1.0257408243900246,0.0010257426465762525
68,1.023622910938213,0.0010236247274601526
69,1.0244647750865847,0.0010244665942788717
70,0.978586462830915,0.0009785881867477204
71,1.0346902802581832,0.0010346921202066366
72,0.9964894157957209,0.0009964911761341654
73,0.9847548124179664,0.000984756548711132
74,1.0491883911530218,0.0010491902625739964
75,0.9916904825749921,0.0009916922335923672
76,1.0339799604040516,0.0010339817993201474
77,0.9626431207241937,0.0009626448105173439
78,1.0041624552263606,0.001004164232477978
79,1.0024370935914177,0.001002438865827742
80,1.033078296520169,0.0010330801333728811
81,0.9131627134587864,0.0009131643008147897
82,0.9845573681593439,0.0009845591038987532
83,1.0653810622057893,0.0010653829654107092
84,1.0031153330564277,0.0010031171077570166
85,1.0007571943700726,0.0010007589639376994
86,1.0299058510119274,0.0010299076813138084
87,0.9897320761776982,0.0009897338226328822
88,1.0134479017632332,0.0010134496979694828
89,0.9598599531071547,0.0009598616378483516
90,0.9992335107100769,0.0009992352772982922
91,0.973785185940909,0.0009737869000328941
92,1.043817590285002,0.0010438194494203931
93,1.055609846654244,0.001055611731453804
94,1.0624215833155342,0.0010624234806212293
95,0.951595411949447,0.0009515970799629321
96,0.972504336421804,0.0009725060479970655
97,1.0152117667265939,0.0010152135659673637
98,1.0602777603294014,0.0010602796537691082
99,0.9961439830821667,0.000996145743288109
100,0.9739642120247337,0.0009739659257306627
101,1.000358157063851,0.001000359927034591
102,0.9762571131912302,0.0009762588337866331
103,1.0326805987114653,0.0010326824349691037
104,0.9055556005690363,0.0009055571723588891
105,1.0001039186256322,0.0010001056868458307
106,1.0000254247543952,0.0010000271934196118
107,0.997924366185046,0.0009979261292472439
108,0.9688491970337901,0.0009688509003214114
109,0.9367691124258439,0.0009367707485516026
110,0.9628822253399045,0.0009628839166324508
111,1.0450885773070901,0.0010450904381504099
112,1.0510771159596943,0.0010510789909190196
113,1.0841220325856085,0.001084123976077398
114,1.001394090212424,0.0010013958612007856
115,0.9865179284854343,0.0009865196685158936
116,1.0320753065983421,0.0010320771409103582
117,1.0092692743059866,0.001009271062048431
118,1.005272417534369,0.0010052741960386866
119,0.9921650991948451,0.000992166851188768
120,1.0084887744797384,0.001008490560119621
121,1.105584048890314,0.0011055860370772224
122,0.9822323811402325,0.0009822341122931334
123,1.0012615698109864,0.0010012633408069474
124,1.0379151095508874,0.0010379169563637064
125,0.990619779279799,0.0009906215272673794
126,0.9644698670588892,0.0009644715611111334
127,0.9562867765248568,0.0009562884547162748
128,0.9668412439375039,0.0009668429437287868
129,0.9027836775679591,0.0009027852426293933
130,0.9590878475259914,0.0009590895308038729
131,0.9906014459913564,0.000990603194676808
132,0.9701237876348949,0.000970125494197334
133,0.9991975528389369,0.0009991993194187218
134,1.0287526879209112,0.0010287545168590436
135,0.9987186718243554,0.000998720437300785
136,1.0081093718516896,0.0010081111565698748
137,1.0084422638483739,0.0010084440501730862
138,1.0139266213048994,0.001013928418224083
139,0.9842108622455839,0.000984212597130051
140,1.0058997433368333,0.001005901523583157
141,0.9655673047384556,0.000965569000895614
142,0.9857839480678752,0.0009857856873254013
143,0.9532131363132488,0.0009532148075880604
144,1.0010134683799454,0.0010010152390607229
145,0.9805879259185798,0.0009805896534837166
146,0.9330241269854761,0.0009330257563824542
147,0.9878786918691631,0.0009878804349561523
148,0.9095176208543471,0.0009095192011551851
149,0.9968364803257618,0.000996838242264631
150,1.0055010853132718,0.001005502864388451
151,1.0317538063104394,0.0010317556395133178
152,0.9991455530581801,0.000999147318906618
153,0.983996316940633,0.000983998052083612
154,0.9425094763993161,0.0009425111248743177
155,1.0503490462567506,0.0010503509196418542
156,0.9874669264347605,0.0009874686685250576
157,0.9836653430704757,0.0009836670764848334
158,1.0258445317272225,0.0010258463541147182
159,1.0110982896937575,0.0010111000807436557
160,0.9917517130160424,0.0009917534644243696
161,0.9143786724454034,0.0009143802622575677
162,0.99487577145938,0.0009948775293153137
163,0.9940668709738874,0.0009940686272399354
164,0.9448061545571378,0.0009448078081043683
165,0.9624159788328059,0.000962417669061408
166,1.057924152358948,0.001057926040927899
167,0.9318466499282823,0.0009318482755071023
168,1.0017065053485248,0.0010017082767761014
169,0.9751015392791271,0.0009751032558575729
170,0.9840623641359304,0.0009840640991323078
171,0.9775573113674179,0.0009775590332737954
172,1.0162937614686935,0.0010162955636084518
173,1.0249168339395796,0.0010249186534544428
174,1.0027958555525467,0.001002797629802497
175,1.0200342491288734,0.0010200360596463731
176,0.9285537297680218,0.0009285553486187421
177,0.9700769935636675,0.0009700786988547372
178,1.001448173517852,0.001001449945718895
179,1.0039973143664915,0.0010039990912285985
180,0.9726753515008704,0.0009726770621006449
181,0.9726806767614907,0.0009726823880791791
182,0.9940260821721772,0.0009940278373712205
183,0.996738396543953,0.000996740159068523
184,0.9513229112240141,0.0009513245785075012
185,1.0252995361644954,0.0010253013562777423
186,0.9485621002771066,0.0009485637609845149
187,0.986681628871665,0.000986683370058943
188,1.0253187802526846,0.0010253206003039785
189,1.0299597880807432,0.0010299616184329511
190,1.024345180216169,0.001024346998999829
191,0.9433610559638129,0.0009433627057724738
192,1.0000838460991721,0.001000085614566637
193,0.980339354009838,0.0009803410824464856
194,1.0047532946373496,0.001004755072017201
195,1.0235120948434338,0.0010235139110445978
196,1.0118436954769696,0.0010118454880166487
197,0.933155091340094,0.0009331567202363101
198,0.9764575532090215,0.0009764592723611439
199,1.066015147377803,0.0010660170524747475
200,1.012572105967716,0.0010125739003899695
201,0.9744390285811347,0.0009744407434496983
202,0.9358607175966682,0.0009358623512533719
203,0.9935783585076823,0.0009935801125011013
204,0.9803809606524483,0.0009803826881944469
205,0.9756475871774113,0.0009756493041175427
206,1.0238197258590414,0.001023821543553905
207,0.9432570031409033,0.0009432586528971567
208,0.9515899625489573,0.0009515916298143828
209,1.001255149216667,0.001001256919504458
210,0.9770787862166447,0.0009770805060924917
211,0.9673748646586602,0.0009673765656875802
212,0.9970649882855813,0.0009970667503634606
213,0.9844763587262056,0.000984478094808125
214,1.001257144142203,0.0010012589158506985
215,0.9467790817161623,0.0009467807387327401
216,1.017997608719045,0.0010179994140775432
217,1.0309417459682975,0.0010309435781562831
218,1.0021273146602776,0.0010021290875269829
219,1.0783802315557331,0.0010783821623474817
220,1.0500620211736744,0.0010500638933444312
221,1.0015589071423074,0.0010015606789371173
222,0.9065358201597058,0.0009065373939052413
223,0.9655757753899948,0.0009655774718941319
224,1.0886417626727614,0.0010886437154343336
225,1.023220095077904,0.0010232219122324698
226,1.0468700787542093,0.0010468719444056175
227,0.961026947687024,0.0009610286338763525
228,0.9710631253145812,0.0009710648334712853
229,1.0018977452834803,0.0010018995170754928
230,0.9745079300653935,0.0009745096454835149
231,1.028385350254379,0.0010283871778464942
232,0.9958194876144223,0.000995821247374619
233,0.9832138271512882,0.0009832155600723478
234,1.0027814179041634,0.0010027831908273994
235,0.9690257963938963,0.0009690274993302828
236,0.9771882183716121,0.000977189940348887
237,1.0207113513506358,0.0010207131642199962
238,0.9531513018440982,0.0009531529718735633
239,0.9892606452994387,0.0009892623906235995
240,1.058787169823097,0.001058789060438712
241,1.0300307386147936,0.0010300325690514812
242,1.0233794094609276,0.0010233812255176047
243,1.018726669892244,0.0010187284780062663
244,1.030873008832212,0.0010308748410687888
245,0.9769357458623956,0.0009769374667538593
246,1.0456507497434155,0.0010456526121531136
247,1.0161733811260545,0.0010161751829462205
248,1.0591785989952076,0.0010591804906728973
249,0.9444803301895807,0.0009444819826700307
250,0.9715668179069301,0.0009715685266941624
251,1.0222947841696384,0.0010222965983294745
252,0.9491141591485334,0.000949115820955745
253,1.0042710401120032,0.001004272816892992
254,1.0982718898793444,0.0010982738637171673
255,0.9293743880867367,0.0009293760086476926
256,1.008326985431507,0.0010083287707526745
257,0.9990591759759591,0.00099906094159929
258,0.9696211619639199,0.000969622866736334
259,1.0335493779583618,0.001033551215739007
260,1.0024811822876605,0.0010024829560121844
261,0.9979805333371793,0.0009979822963014208
262,0.9479429426611913,0.0009479446020519775
263,0.9558521080450414,0.0009558537854110305
264,0.9756111934829146,0.0009756129111116139
265,0.9947028313473998,0.0009947045880915177
266,1.044489021778618,0.0010444908831568256
267,0.9741100519846795,0.0009741117660748205
268,1.0214626353833451,0.0010214644475666317
269,1.0332402872259019,0.0010332421244357137
270,0.9859043793704728,0.000985906119194129
271,0.9384279732205099,0.0009384296131085461
272,1.0022909416497359,0.001002292714795074
273,1.0352820113253642,0.0010352838530331534
274,1.0442148371933215,0.0010442166982258551
275,0.9869065878379262,0.0009869083282206311
276,0.9188097558175209,0.0009188113544732672
277,1.0070889316369538,0.0010070907147857974
278,0.973342466749555,0.0009733441797719674
279,1.0162334961230126,0.0010162352982757627
280,1.004099337832625,0.0010041011147157999
281,0.9138896054657123,0.0009138911944836781
282,0.9895188544441439,0.0009895206008354467
283,1.043914273154149,0.00104391613346985
284,0.9888193233880848,0.0009888210672629304
285,1.0196550591977216,0.0010196568677925575
286,1.0071281507705492,0.0010071299337131906
287,1.0112726314150158,0.0010112744226316143
288,0.9865309061893413,0.0009865326460649798
289,1.0553180012401184,0.001055319884475046
290,0.9816306696549778,0.0009816323995853846
291,1.0223309434936243,0.0010223327594062162
292,0.9526218929274372,0.0009526235623149172
293,1.01144113867838,0.0010114429306969674
294,0.9677236682264744,0.0009677253682905233
295,0.8878517110190668,0.0008878532451025312
296,0.9627904724258228,0.0009627921624453879
297,0.982147255793532,0.0009821489869757452
298,1.0155940257550442,0.001015595826853043
299,0.972426637626608,0.0009724283486301551
300,1.028022016023046,0.001028023842809548
301,1.0182016256807083,0.0010182034306268658
302,0.9797566434637446,0.0009797583696710727
303,1.023504603524176,0.001023506420831082
304,0.9879733939042091,0.0009879751372989087
305,1.0030983196081664,0.001003100093431992
306,1.0351069553663867,0.0010351087967148942
307,1.0446082902681455,0.001044610150434031
308,0.9564733737514569,0.0009564750511581769
309,1.0117412294650547,0.001011743021866975
310,1.0219035707693354,0.0010219053842745326
311,1.026854235693182,0.0010268560591746424
312,0.9892239334103076,0.0009892256790971505
313,1.0180178748451687,0.0010180196804797218
314,0.9502005655539876,0.0009502022312819899
315,1.0196822846028668,0.0010196840937890255
316,1.0104619437684295,0.0010104637330973637
317,0.960693521688939,0.0009606952078748789
318,0.9575136716936314,0.0009575153517208384
319,1.0697566540021417,0.0010697585676854434
320,0.9977452878038288,0.0009977470516902402
321,1.001366612465172,0.0010013683832400674
322,0.9556609950256786,0.0009556626703697932
323,0.9269390871195895,0.0009269407032225507
324,0.9928895589806549,0.0009928913119015429
325,1.0098566798489181,0.0010098584679653477
326,0.9992263151432035,0.0009992280815532646
327,1.0717331965865884,0.001071735115078467
328,0.9617431531636748,0.0009617448413042585
329,0.9710390951890268,0.0009710408033028986
330,0.9999532225180284,0.0009999549902627099
331,1.032700163738664,0.0010327019997852644
332,1.04852618832684,0.0010485280573092881
333,0.9835908859748809,0.0009835926207467846
334,0.9922587814481081,0.0009922605342823632
335,0.9247705334513081,0.0009247721453061629
336,1.0079220190986757,0.0010079238030780131
337,0.9724558375193841,0.0009724575490443069
338,1.036856790862475,0.00103685863543534
339,0.9519304547080334,0.0009519321226434218
340,1.0108085651168677,0.0010108103542999815
341,0.9627568677634604,0.0009627585587576042
342,0.9540714376670377,0.0009540731090354642
343,0.9588852087886112,0.0009588868914102082
344,0.9382700896249628,0.0009382717290067283
345,1.0724039124209277,0.0010724058312614009
346,0.9889794167972267,0.0009889811622111624
347,1.0141119681094024,0.0010141137651024168
348,0.9552127594584418,0.0009552144342175372
349,1.0750341028783357,0.0010750360280934645
350,1.0013770320242463,0.0010013788036002506
351,0.970270541759836,0.0009702722478408311
352,0.9998476751987705,0.000999849442101055
353,0.9839225460392639,0.0009839242805858256
354,1.0127937410600998,0.0010127955366463306
355,0.8894409690847423,0.0008894425079839746
356,0.9891735452610141,0.0009891752903490774
357,1.0729940762603811,0.001072995995993508
358,0.9641921399407706,0.0009641938342223827
359,0.9940591352729876,0.0009940608911238303
360,0.9979175961583665,0.0009979193598987767
361,0.9873776917047478,0.0009873794340600195
362,1.0466635115053675,0.0010466653767945927
363,0.9938585112750488,0.0009938602671366052
364,0.9758031867841049,0.0009758049041537764
365,1.009910554835273,0.0010099123432715192
366,1.0051484459122204,0.0010051502243760692
367,0.9715933345401638,0.0009715950440003559
368,1.0051573706173074,0.00100515915088899
369,1.0238270929974411,0.0010238289108980808
370,1.0722185974329261,0.0010722205165603752
371,1.0187658667879798,0.0010187676751365056
372,1.0453074431366196,0.0010453093049546634
373,0.9694021949593112,0.0009694038985260335
374,1.0158599190798707,0.001015861720134051
375,0.9522045208797228,0.0009522061897341075
376,0.9774245186495917,0.0009774262401181795
377,0.9655510976671837,0.000965552793023022
378,0.9605561511331265,0.0009605578378566704
379,0.9453802101140659,0.0009453818643385549
380,0.9946316835348038,0.0009946334407975456
381,0.954154416364984,0.0009541560893456494
382,0.9968487071235819,0.0009968504671207588
383,1.047160692214357,0.0010471625582413409
384,0.9930218556965621,0.00099302360873604
385,0.9602876131817777,0.0009602892986275231
386,1.0295153131573103,0.0010295171437272475
387,0.9963599715875514,0.0009963617321086507
388,0.936325611898247,0.0009363272466974756
389,0.9992143690385259,0.0009992161350390722
390,1.0663597442754287,0.00106636165026638
391,1.009736002779749,0.0010097377913046235
392,0.996560782534206,0.0009965625438042014
393,1.0122920170960277,0.001012293810912046
394,0.9510362366968077,0.0009510379025333042
395,0.974832512958911,0.0009748342291373148
396,0.9793135274969981,0.0009793152522892762
397,0.9839664502134751,0.000983968185222134
398,1.0026240934891701,0.0010026258678698398
399,1.0581336433913904,0.001058135533437065
400,1.0095210236510241,0.0010095228111707995
401,0.9974201082778624,0.0009974218715273384
402,1.0052072956191682,0.001005209073931116
403,0.9786627374623574,0.0009786644609988558
404,0.9911533216065755,0.000991155071048801
405,0.9498230502497087,0.0009498247139314113
406,1.0463662889036303,0.0010463681532151567
407,1.0687395133842197,0.0010687414243177721
408,0.8808939496572803,0.0008808954707055486
409,0.9622211019741506,0.0009622227910549392
410,1.0055799053853103,0.0010055816850741675
411,1.0246071295744401,0.0010246089491790615
412,0.9470627428911285,0.0009470644010196592
413,0.965282028969192,0.0009652837249870517
414,0.954166404096204,0.000954168076402512
415,1.0694528612611076,0.0010694547733459175
416,1.0325762569047923,0.0010325780925180379
417,0.9590790327517819,0.0009590807152505675
418,0.9489985077927399,0.0009490001700365423
419,0.9760339356114244,0.0009760356543132038
420,0.991815554476205,0.0009918173053958116
421,1.0267890686806804,0.001026790892573844
422,1.0227684711714984,0.0010227702870121036
423,0.9664054171763291,0.0009664071155066083
424,1.0396210798019192,0.0010396229308403827
425,1.0113597800019571,0.001011361571083103
426,0.9584985664900901,0.0009585002486382367
427,1.0296558418005195,0.0010296576711352754
428,1.0393285966140384,0.0010393304454561305
429,1.0236764095411495,0.001023678227323428
430,1.0711681985488668,0.0010711701150285056
431,1.0350164953553107,0.0010350183368819303
432,1.0471340431692489,0.0010471359081282198
433,0.9399322377946383,0.00093993388105098
434,1.080826104062336,0.0010808280403607105
435,1.026194754831604,0.001026196577821108
436,0.9578042074379082,0.0009578058880816197
437,0.9462199931044534,0.0009462216500633262
438,1.0120082344870032,0.0010120100260849563
439,0.9911994619388954,0.0009912012125179168
440,1.0342522267192606,0.0010342540666306635
441,0.983609519136015,0.0009836112524518224
442,0.9560802604601165,0.0009560819371164078
443,1.0560642081065466,0.001056066092889919
444,0.9717121691755477,0.0009717138785314125
445,0.9534155303398263,0.0009534172023206602
446,1.0297385799274066,0.0010297404100429142
447,0.9736763614472835,0.0009736780746621304
448,1.0471476572601368,0.0010471495227265216
449,0.9872447925748749,0.0009872465336078582
450,0.9926584940111526,0.000992660246346523
451,0.9765121694698498,0.0009765138883615933
452,1.078951616683119,0.0010789535493806169
453,1.0093600579277422,0.0010093618454115481
454,0.9537932141095243,0.00095379488645488
455,0.9754256125425461,0.0009754273301822533
456,1.0461182287297983,0.0010461200927786576
457,1.072837502217276,0.0010728394219397823
458,1.0295018202340045,0.00102950365001361
459,1.0225417475248464,0.0010225435620663606
460,0.9875269444019346,0.0009875286862047348
461,1.018988647125817,0.0010189904551990206
462,1.0372131595147316,0.0010372150050120496
463,1.0280775099706143,0.001028079335922637
464,1.010305190787481,0.0010103069798404341
465,1.019133985318664,0.0010191357924347682
466,0.9468032797593134,0.0009468049363696779
467,1.0591386527788487,0.00105914054404954
468,1.039915265066523,0.0010399171158569133
469,0.9953302027076366,0.000995331961048425
470,1.0422956395876013,0.001042297495390488
471,0.9464458862008472,0.0009464475441869425
472,1.0555235902992013,0.0010555254737433437
473,1.0010801956422417,0.0010010819653687448
474,0.9319771930984428,0.0009319788194478995
475,0.946346844886955,0.000946348500956393
476,0.9733482729342152,0.0009733499851242002
477,0.9638000033216428,0.0009638016969208151
478,1.0481650906556181,0.0010481669587143999
479,0.9727764226669685,0.0009727781332171826
480,0.913955008272957,0.0009139565980779696
481,1.091259383229663,0.0010912613416651992
482,0.9627534485618927,0.00096275513922682
483,1.0286576079840228,0.0010286594364994892
484,0.9217549698170979,0.0009217565750188825
485,1.004550812079005,0.001004552589857904
486,0.9500770781665164,0.0009500787428659261
487,1.0396438128689827,0.0010396456622028174
488,0.9635708816432483,0.0009635725730076435
489,1.0069885781073906,0.0010069903618609136
490,1.011031016637284,0.0010110328071994818
491,1.0111087486059271,0.001011110538644375
492,1.031690598155552,0.0010316924321557743
493,1.0616696993117378,0.001061671596097309
494,0.9956063135053422,0.0009956080718797923
495,0.9987785839458085,0.0009987803492537619
496,0.9873603665390903,0.0009873621079069768
497,0.987830831680862,0.0009878325746483934
498,1.0126781401495821,0.0010126799343569135
499,0.9696456048039626,0.0009696473101917355
500,0.9652926554584041,0.0009652943509820167
501,1.0625294282151718,0.0010625313274971457
502,0.963771894074649,0.000963773586835539
503,1.0170553857699354,0.0010170571881785138
504,0.9991313842010136,0.0009991331499793884
505,1.0923419479803458,0.0010923439090452986
506,1.0289772956663774,0.0010289791243823262
507,0.9712046278179597,0.0009712063364572408
508,0.9787107869740165,0.000978712510890068
509,1.0005256930558026,0.0010005274616365332
510,1.0104585968214004,0.001010460386689019
511,0.9681763917147507,0.0009681780939168284
512,1.0081794347891355,0.0010081812199019898
513,0.9829434095950719,0.0009829451424198969
514,1.0518000821546092,0.001051801958748239
515,1.0002538442151767,0.0010002556123936725
516,1.0423628235748184,0.001042364680673502
517,0.9705802702706264,0.0009705819771981684
518,0.9684569421267037,0.0009684586447776167
519,1.0811128969172814,0.0010811148349172597
520,1.0194040117884966,0.001019405819064626
521,0.9601579201864171,0.0009601596051933374
522,1.0670661315714243,0.001067068039936498
523,0.9963257062542445,0.000996327467768628
524,0.9593707908667571,0.0009593724742146933
525,1.0096774003428506,0.001009679189009445
526,0.9742814155914344,0.0009742831296261354
527,0.9744657684380867,0.0009744674829986995
528,0.9242114107360838,0.0009242130214948555
529,0.9552581754653938,0.0009552598507574701
530,1.0007729385264539,0.0010007747076253716
531,0.9787876935681135,0.0009787894180580611
532,1.0020011045650372,0.0010020028762683494
533,1.0020473082705048,0.0010020490804556823
534,1.0233947269414136,0.0010233965440387277
535,0.9736844258471566,0.0009736861401337953
536,0.9788115739621092,0.0009788132971522438
537,1.049587131982995,0.0010495890030625744
538,0.9398965392971156,0.0009398981806922843
539,0.9396253223183049,0.000939626965401383
540,0.9809019879031943,0.0009809037154995602
541,0.9596873320256369,0.0009596890172897396
542,1.0243443140893378,0.0010243461327932874
543,0.9619439962313714,0.0009619456856146318
544,0.9967468691833463,0.000996748631129733
545,0.9579962135254094,0.0009579978941824012
546,0.9586718589375934,0.000958673541146784
547,1.0179464835251988,0.0010179482886890875
548,0.9796342153224283,0.0009796359418196962
549,1.0059257390494023,0.001005927518154158
550,0.9119069647965791,0.0009119085493500521
551,1.0274402620987595,0.001027442087440906
552,1.0022952541094925,0.0010022970274177474
553,0.9176505717729287,0.0009176521687576185
554,1.0400424568681863,0.0010400443087751926
555,1.0002528016667922,0.001000254569918324
556,1.0018082870313907,0.0010018100598822113
557,1.008394386915732,0.001008396172892655
558,0.9935459846769704,0.000993547738344814
559,0.9807827191437908,0.00098078444711711
560,0.9774479422522159,0.0009774496638991436
561,0.9477134067167391,0.0009477150661072601
562,0.9427411731019557,0.0009427428216737565
563,1.0489339512310165,0.0010489358213822291
564,1.0029157090167948,0.0010029174827469191
565,1.0250469527145314,0.0010250487730075104
566,1.0458165509066895,0.0010458184144162962
567,1.1448593091290156,0.00114486137829872
568,0.9876954620951862,0.000987697204692946
569,1.0180063902002892,0.0010180081965625067
570,0.9854083908008049,0.000985410128834694
571,0.9633995056726729,0.0009634011972020318
572,0.9576471855854816,0.0009576488659077589
573,0.9801904968721318,0.0009801922234305238
574,1.0220323450752975,0.0010220341590541006
575,0.9733691525301936,0.0009733708656386448
576,1.0163081478854061,0.0010163099504079875
577,0.9442132362245688,0.000944214887594843
578,0.9659282554125596,0.0009659299525127006
579,0.9786294326145307,0.0009786311574763592
580,1.074913473367475,0.0010749153966623628
581,1.0029597178006522,0.0010029614916451388
582,1.041973454181424,0.0010419753086633463
583,1.0967929917760462,0.001096794961968334
584,0.9660427436318761,0.0009660444416480615
585,1.0229429605123186,0.0010229447764433853
586,1.0028269560580827,0.0010028287304170752
587,0.9825197742590326,0.0009825215053987728
588,1.0264568990775365,0.001026458722411587
589,0.9781793960900239,0.000978181118715449
590,1.0191652310713388,0.0010191670382308023
591,1.0849332018363702,0.0010849351466617409
592,1.0198802346480504,0.0010198820437786421
593,1.0190774384890142,0.001019079246699313
594,0.965628544465054,0.0009656302409674588
595,1.005002586561532,0.0010050043648978252
596,0.9983320566922989,0.000998333822066684
597,1.0458290622582909,0.0010458309263428327
598,0.9714968720251428,0.0009714985803362045
599,0.9702993689960082,0.0009703010753192725
600,0.9752920770869812,0.0009752937939178918
601,0.923481214564453,0.0009234828241531795
602,1.0219581767035129,0.0010219599917207353
603,1.0751628467457317,0.0010751647702018602
604,0.977334857695653,0.0009773365789244122
605,1.0070790850589426,0.0010070808673725761
606,0.9855361268829053,0.0009855378657221481
607,1.0409985016182435,0.0010410003542177157
608,0.9949061574791372,0.0009949079147998428
609,0.9993758589981606,0.000999377625619822
610,1.0264438005273788,0.0010264456227358273
611,0.9670246350032249,0.0009670263355131561
612,0.9873290091437975,0.0009873307502392707
613,0.9870259513777371,0.0009870276926731468
614,0.9109053293839928,0.0009109069123173941
615,0.9324217142437841,0.0009324233414316917
616,1.0040398552956784,0.0010040416315423302
617,1.0098713785117122,0.0010098731673028876
618,0.9402095074955791,0.0009402111512107369
619,1.001089330673951,0.0010010911017179483
620,0.9758319171688853,0.000975833635306391
621,1.0141173200028755,0.0010141191172560486
622,1.0186130436553769,0.0010186148511277682
623,0.9985013194631218,0.0009985030851015842
624,1.0485657575920455,0.0010485676269071113
625,0.9923372754801192,0.0009923390265291331
626,1.0280888328361537,0.0010280906590839555
627,1.0700979047932484,0.0010700998193015697
628,0.9385055490845732,0.0009385071894731267
629,0.995839271262447,0.0009958410308912038
630,1.0280633574202378,0.0010280651849117574
631,0.9102254985440028,0.0009102270794190076
632,0.988064465581271,0.0009880662087556045
633,0.9359092986284622,0.0009359109340680901
634,1.0145746204372257,0.0010145764185122694
635,1.0032717985504809,0.001003273573098853
636,1.0292493553232083,0.0010292511850851479
637,1.0302210625785078,0.0010302228936047715
638,1.012481590793329,0.0010124833853639528
639,0.9624086905135735,0.0009624103798389311
640,0.983156295462666,0.0009831580289765098
641,1.0094439444646823,0.0010094457321113256
642,0.958532873922673,0.0009585345563829645
643,1.103614458276327,0.0011036164414321543
644,1.0913533915191982,0.0010913553501480811
645,1.0544425291868573,0.0010544444103629304
646,1.0249226526277266,0.0010249244723203486
647,0.9964637551658305,0.0009964655167032232
648,1.0029785443541122,0.0010029803185686908
649,1.0222665852882877,0.001022268398490609
650,1.063967479593245,0.0010639693804494503
651,0.9597274574643048,0.0009597291414650208
652,0.9538378271904678,0.0009538394995246913
653,0.954315950361591,0.0009543176236730335
654,1.0570854582527072,0.0010570873445741751
655,0.9978837692390864,0.0009978855329735646
656,1.0394575728194493,0.001039459422506292
657,1.016464895324547,0.0010164666975769792
658,0.9531886494318589,0.000953190319517174
659,0.9596997163486224,0.0009597014000273577
660,0.960081102525745,0.0009600827877483725
661,0.989975651990452,0.0009899773982973647
662,0.9875757696875168,0.0009875775123207443
663,1.064425039604652,0.0010644269419753034
664,1.0204366132720946,0.001020438423245047
665,0.9767081460568469,0.000976709865389156
666,0.9872627209361087,0.000987264462586376
667,0.9773138622894816,0.0009773155830686833
668,1.0281214270043653,0.001028123253970529
669,0.9523021890915254,0.0009523038583944927
670,0.958253045174081,0.0009582547266971972
671,1.0188804513971013,0.001018882259553168
672,1.0570682725126828,0.001057070159607587
673,0.9970260274388827,0.0009970277889391377
674,1.0105310894839068,0.0010105328792438292
675,0.9790532830436597,0.0009790550077964776
676,0.9515274771162422,0.0009515291439341153
677,1.0143453169294094,0.0010143471149893586
678,1.0330227832698522,0.0010330246207439697
679,0.9264326090981875,0.000926434223665427
680,1.0467551191468298,0.0010467569848062587
681,0.9817439297560138,0.0009817456596929119
682,1.038328982428269,0.0010383308307967362
683,0.9620634589602068,0.0009620651482000397
684,1.0633674419472827,0.0010633693417776203
685,1.0638368751006886,0.00106383877554563
686,0.9910950857268008,0.0009910968356684725
687,1.0244872730594998,0.0010244890926859674
688,1.0389859675925641,0.0010389878165411748
689,0.955865657692986,0.0009558673341059749
690,1.0035501316987536,0.0010035519076670274
691,1.039726925564016,0.0010397287762416998
692,0.9423534768473543,0.0009423551249534221
693,0.9977901688687905,0.0009977919325435038
694,1.0328417623296295,0.0010328435981206178
695,1.0222073849568996,0.0010222091990967558
696,0.9661740042956459,0.0009661757021578732
697,0.9534915558097997,0.0009534932275782899
698,1.0026034945300841,0.0010026052679836153
699,0.9624375080524267,0.0009624391986494799
700,1.0003758377280858,0.0010003776068849876
701,0.9748536550662891,0.0009748553709799555
702,1.0300927134102307,0.0010300945439085385
703,1.0128782097542715,0.0010128800040217598
704,1.0354616887346204,0.0010354635312728553
705,1.0419178467098704,0.0010419197025684486
706,1.0079858113621265,0.0010079875965640624
707,0.9608802907704297,0.0009608819773087522
708,0.995154136066014,0.0009951558938469903
709,1.034145368617939,0.0010341472077408627
710,0.925098003644267,0.0009250996162651921
711,0.9802161524554677,0.0009802178789453865
712,1.0017619491422036,0.0010017637206075913
713,0.9877221740418477,0.0009877239166518736
714,0.992098384468171,0.0009921001356732555
715,0.9685108319151888,0.0009685125348847942
716,1.0344063862855277,0.0010344082256089288
717,1.0354913328638675,0.0010354931752761132
718,1.033855215508407,0.0010338570543536676
719,0.978968314587791,0.0009789700391535532
720,0.9998826606399948,0.0009998844285490152
721,0.9938940093958493,0.0009938957641903983
722,0.996619346706937,0.0009966211078541501
723,0.9944585684525831,0.0009944603240351526
724,1.0313814448770082,0.001031383278046193
725,0.9286151150231859,0.0009286167339389827
726,1.0330650413463995,0.0010330668782609121
727,1.023193103541806,0.0010231949202727936
728,1.020594016854465,0.0010205958275250095
729,1.040866974069311,0.0010408688270825742
730,1.0653085841940797,0.0010653104876399162
731,0.9531243976219945,0.0009531260676316235
732,1.0284492095283024,0.0010284510381150438
733,0.9702186412059891,0.0009702203473740097
734,1.0093821233504592,0.0010093839101171392
735,1.0264632582275703,0.0010264650803610725
736,0.9954996945878732,0.0009955014528459664
737,0.9716049451366326,0.0009716066543985816
738,1.008373659233948,0.0010083754446005395
739,1.0248961787776465,0.0010248979984367294
740,0.9701395296826971,0.0009701412360355317
741,1.0035367723665445,0.0010035385481246906
742,0.9754131491881316,0.0009754148657882577
743,0.9620612680899129,0.0009620629566535999
744,0.9249081902897538,0.0009249098020970153
745,1.016693300628781,0.0010166951025407077
746,1.0020567865840864,0.0010020585593269015
747,1.0608412492008918,0.0010608431442849248
748,1.0124708494047208,0.0010124726438180526
749,0.9770916075064887,0.00097709332714947
750,0.9926649210289342,0.0009926666748741543
751,1.0195752069611757,0.0010195770153030787
752,1.041525945408107,0.0010415277990619236
753,0.9727623360418771,0.0009727640479717124
754,0.9956328709001714,0.0009956346306282937
755,1.0136533920921447,0.0010136551882683543
756,1.0538650159193277,0.001053866896329016
757,0.9771613219611086,0.0009771630424774292
758,0.9898565295180278,0.0009898582762592795
759,1.0537731314838283,0.0010537750115633309
760,0.9921012936482899,0.0009921030451906896
761,0.9740654209612358,0.0009740671347316489
762,1.0317518777076393,0.0010317537118176789
763,1.1410134121651332,0.0011410154741069768
764,1.0103342739098191,0.0010103360629815327
765,1.0881450488869036,0.0010881469997888957
766,1.020189663225714,0.0010201914739372201
767,1.053371649257281,0.001053373528665586
768,1.0514737353295194,0.00105147561112104
769,0.9481810212661873,0.0009481826813173804
770,0.9817947716451557,0.0009817965018541633
771,1.0119274936253926,0.0010119292871673962
772,1.0289480150497763,0.0010289498429467683
773,1.0178956529166596,0.0010178974586518277
774,0.937012517637211,0.0009370141544340809
775,1.0310008858372608,0.0010310027190797838
776,0.921163171125258,0.000921164774744978
777,1.021441525059673,0.0010214433370747823
778,0.9854304962041551,0.0009854322333695423
779,0.9290153034675286,0.0009290169241155421
780,0.9524127817573351,0.0009524144504780411
781,0.9979448052392373,0.0009979465688975322
782,1.0115220936076865,0.0010115238861060037
783,1.082268773390004,0.0010822707136217548
784,0.9769351417640765,0.000976936860551589
785,1.0347950150894658,0.0010347968553722536
786,0.9670630575315093,0.0009670647564988099
787,1.0208608222728437,0.0010208626339815593
788,0.9982934939511592,0.0009982952586891618
789,0.9681144119071995,0.0009681161134977064
790,1.0415944674058975,0.0010415963220874196
791,1.023583219407925,0.0010235850373733577
792,1.004743728062628,0.0010047455069479448
793,0.9754157398938293,0.000975417456389432
794,0.9501614327857145,0.0009501630967928812
795,1.0277087558506794,0.001027710581523419
796,1.0000231099479193,0.0010000248786079169
797,0.994747923243831,0.000994749681207486
798,1.026545467100303,0.001026547290003402
799,1.0179269139424867,0.0010179287188795073
800,1.0013984626102492,0.0010014002331891708
801,1.0070199422211852,0.0010070217254829106
802,0.9978232961322786,0.0009978250608994607
803,0.9501645135998885,0.0009501661777353118
804,1.0165087929118903,0.0010165105955023761
805,0.9853307090098121,0.0009853324466903449
806,1.0395816699916418,0.0010395835201310569
807,0.9183409624543531,0.0009183425601776926
808,0.9970782210179601,0.00099707998223766
809,1.0501002848092003,0.001050102157421172
810,1.0379919353285485,0.0010379937830225859
811,0.9845510779204881,0.0009845528137228381
812,0.9868173606990033,0.0009868191009623159
813,0.9392311133940109,0.0009392327547759686
814,1.0054662565957364,0.0010054680359945815
815,1.035693627794618,0.0010356954697432158
816,1.0291154072979756,0.0010291172361094592
817,0.9603987681529977,0.0009604004545744986
818,1.0062426275601588,0.0010062444083202152
819,0.9799871690627313,0.0009799888959056721
820,0.9827002905324169,0.0009827020221120097
821,1.054515425054794,0.0010545173059493473
822,0.9302510098324656,0.0009302526318362727
823,0.983677005574926,0.0009836787402461992
824,0.9921374740545122,0.0009921392253228005
825,0.994271601194254,0.0009942733569121025
826,1.0200630311876218,0.0010200648407133136
827,1.0194162891873875,0.0010194180981202624
828,1.0002762978086028,0.001000278066185632
829,1.0099331379699175,0.0010099349272692443
830,1.0237161129574655,0.0010237179313236633
831,1.0630092587561506,0.001063011158380672
832,0.9963555708890205,0.0009963573311463812
833,1.055575021550419,0.001055576906403811
834,1.0587988177404095,0.0010588007096509389
835,0.9555746054945519,0.0009555762823925662
836,1.0229780343461194,0.0010229798498296843
837,1.0145878794204894,0.0010145896782301775
838,0.9444547785234705,0.0009444564321407607
839,1.053584900559499,0.0010535867801485259
840,1.0057122683213717,0.0010057140486851978
841,0.9481860315423196,0.0009481876918867246
842,1.0218755413168537,0.001021877354324063
843,0.9460983356900701,0.0009460999920603676
844,1.0314256486586952,0.0010314274827738917
845,0.928212529926335,0.0009282141484007703
846,0.9572542888066999,0.0009572559680551772
847,1.0089209722140202,0.0010089227590312163
848,1.0157179666803917,0.0010157197668695837
849,0.9443741449824057,0.0009443757978773843
850,1.0186314053221341,0.0010186332127377485
851,0.9778388774172506,0.0009778405990431233
852,1.0658948238138408,0.001065896729514132
853,0.9080571132584689,0.0009080586904270168
854,1.0532303159381817,0.0010532321941829125
855,1.0445679251898392,0.0010445697870123288
856,0.981700936746604,0.0009817026679560617
857,1.0328620624308882,0.0010328638992397104
858,0.9755653655038661,0.0009755670830640017
859,0.9942387853483343,0.0009942405414997883
860,1.001485408122187,0.0010014871792379454
861,0.9485895964223143,0.0009485912577291908
862,1.0263307168561322,0.0010263325390538114
863,1.0910905958305777,0.0010910925548237498
864,1.0341567081100922,0.0010341585483245857
865,1.0629161888684953,0.0010629180869404977
866,0.9855482659901114,0.0009855500030040514
867,0.9968894640339018,0.000996891225561795
868,0.9478466891392642,0.0009478483488622219
869,1.05188229007357,0.0010518841663536894
870,1.003166820062969,0.0010031685950025616
871,1.0212628788020646,0.0010212646907951431
872,0.9580867942673991,0.0009580884753402558
873,1.006789306173672,0.0010067910881232094
874,1.0456429621122827,0.0010456448254918924
875,1.0729977175279592,0.00107299963834865
876,1.0219831074761152,0.001021984922072729
877,0.9921288804726177,0.0009921306323300123
878,1.0163241681759367,0.0010163259709745085
879,0.9813473032439205,0.0009813490319112018
880,1.018209722055936,0.0010182115286532668
881,0.9808176309003375,0.0009808193584816926
882,1.0231575401564292,0.0010231593566051222
883,1.0288162225177042,0.0010288180495799054
884,1.0920971866827331,0.0010920991461579898
885,1.0113837121369498,0.001011385504108113
886,0.9705458179125518,0.0009705475252021589
887,1.0274455955107928,0.001027447420758085
888,0.9957599058969623,0.00099576166530309
889,0.9550008417631217,0.0009550025159347168
890,0.9553951637513821,0.0009553968394449689
891,0.9755150055982904,0.0009755167233353008
892,1.080343277133737,0.0010803452126874934
893,1.0014548514753039,0.0010014566223018994
894,1.0400693404237336,0.0010400711917520568
895,1.0521341053106255,0.0010521359822874344
896,1.0847094816839733,0.0010847114251674233
897,0.9864131597320229,0.000986414900840372
898,1.0175530253995886,0.0010175548305055733
899,0.9541434849978665,0.0009541451579570363
900,1.0765252072444897,0.0010765271345256457
901,1.0365615484245532,0.001036563391483755
902,0.9743100716238582,0.0009743117866933832
903,0.9692893728095989,0.0009692910764036546
904,0.9899484214930393,0.0009899501685073865
905,1.0361342381603942,0.0010361360811316337
906,1.007318717334304,0.0010073205004090607
907,0.9624326754547742,0.00096243436448318
908,1.0093634002282033,0.001009365186722235
909,1.0473384330289055,0.0010473402999009586
910,0.9241536131316135,0.0009241552240713653
911,0.9868365319137277,0.0009868382726400757
912,0.9806088479222841,0.00098061057488245
913,0.9995542462825754,0.0009995560137301361
914,1.0501888742097605,0.0010501907469940505
915,1.0055353381118386,0.0010055371180932302
916,1.0617496042399361,0.0010617515006388157
917,1.0260152286366488,0.0010260170510659782
918,1.02735635268438,0.0010273581777183753
919,0.9590083469881542,0.0009590100297282484
920,1.07552200355777,0.0010755239291965195
921,0.9409578752697082,0.0009409595200628698
922,1.1111736568092958,0.0011111756561525406
923,1.0036766478892565,0.00100367842394477
924,0.9543093909630076,0.0009543110648029373
925,0.9667430241207464,0.0009667447227290609
926,0.9980254104872559,0.0009980271744134313
927,1.0149488463004332,0.0010149506455697382
928,1.074709745452365,0.0010747116695373872
929,1.0628226676261385,0.0010628245668306325
930,1.0596173646607288,0.0010596192574105023
931,1.0256054330965607,0.0010256072539462193
932,1.0222585971869536,0.0010222604113947799
933,0.944164887919394,0.0009441665401321445
934,1.022731173263761,0.0010227329883889737
935,1.0413796283277577,0.0010413814827206548
936,1.016615400606995,0.001016617203247439
937,1.0063403723721627,0.0010063421525519014
938,0.9911139779325137,0.0009911157271010054
939,1.018172401004699,0.0010181742073364297
940,1.0096118920885182,0.0010096136790078562
941,0.9600770122225295,0.0009600786976011388
942,0.9692836941719483,0.0009692853981498849
943,0.921270916702258,0.0009212725212750506
944,0.9235563072945797,0.0009235579160742833
945,0.954272042015485,0.0009542737151884051
946,0.972176015946746,0.0009721777267934018
947,0.9702739387029649,0.0009702756451421069
948,0.9824805409461789,0.0009824822730457638
949,1.0388676495063016,0.001038869498889986
950,1.0251822623669251,0.0010251840831354672
951,1.045555919191706,0.0010455577819109012
952,1.021205195461441,0.0010212070080947678
953,1.0170916560004597,0.0010170934602015795
954,0.9831629060060743,0.000983164639631596
955,0.9772874517130115,0.0009772891714737045
956,0.9433193193135418,0.0009433209697165591
957,1.0374545796024361,0.0010374564252099803
958,0.9280544646315667,0.000928056083519596
959,1.0165225196046905,0.0010165243219184773
960,0.9590526303619572,0.00095905431287395
961,1.0239323399886884,0.0010239341578170507
962,1.0143125206719958,0.0010143143190035947
963,1.050659898781832,0.0010506617726325478
964,1.0245966766196994,0.0010245984955865569
965,0.9511915962976432,0.0009511932633097743
966,0.9887435419096889,0.000988745287706678
967,0.9389123482592099,0.0009389139889032629
968,0.9771208053601514,0.0009771225259214919
969,0.9789738393411506,0.0009789755641320184
970,1.0170628910616037,0.0010170646941425332
971,0.955711755377358,0.0009557134301724092
972,1.0103533098068689,0.0010103550985561282
973,1.039562609831298,0.001039564460673336
974,0.9920923403610351,0.0009920940920598
975,1.0135488177017986,0.001013550613950072
976,0.9799473982872625,0.0009799491245714392
977,1.0214464792678801,0.0010214482928634157
978,0.9262549710859643,0.0009262565854366114
979,0.9906787615889068,0.0009906805101519407
980,1.04213783698631,0.0010421396933485768
981,1.0605921669187386,0.0010605940617676223
982,0.9652252454559304,0.0009652269414270425
983,1.0257576531617634,0.001025759474088342
984,1.029614000120171,0.0010296158302245959
985,0.9416900045354724,0.0009416916513778856
986,1.0649211536026124,0.0010649230568316387
987,1.0351356383567691,0.0010351374793722945
988,0.9947037369992501,0.000994705494121865
989,1.0190174066527629,0.001019019215103307
990,1.0278604987415174,0.001027862324810717
991,1.0214399304320363,0.00102144174208463
992,0.9992468170991168,0.000999248583692275
993,0.9624814687782177,0.0009624831587509383
994,0.9489840567653227,0.0009489857186779646
995,0.967444944671505,0.000967446644412446
996,1.0749914960823679,0.0010749934202017085
997,1.0079035056880308,0.0010079052898359629
998,1.016536693145207,0.0010165384963365725
999,0.9849092606029244,0.0009849109970538313
1000,0.9718435573560359,0.0009718452670150449
